STUDY,PART,SUBJECT,SPECIMEN_ID,ANALYTE,ANALYTE_CONC,CONC_UNITS,LLQ,TREATMENT_CYCLE,TREATMENT_DOSE
Testing_1,A,T1_0001,1,DE1234,8.163511989,ng/mL,2,Cycle 1,20
Testing_1,A,T1_0001,2,DE1234,10.68936029,ng/mL,2,Cycle 1,20
Testing_1,A,T1_0001,3,DE1234,13.28809255,ng/mL,2,Cycle 1,20
Testing_1,A,T1_0001,4,DE1234,13.60005526,ng/mL,2,Cycle 1,20
Testing_1,A,T1_0001,5,DE1234,24.01227183,ng/mL,2,Cycle 1,20
Testing_1,A,T1_0001,6,DE1234,27.08387027,ng/mL,2,Cycle 2,20
Testing_1,A,T1_0001,7,DE1234,35.75119557,ng/mL,2,Cycle 2,20
Testing_1,A,T1_0001,8,DE1234,22.15644963,ng/mL,2,Cycle 2,20
Testing_1,A,T1_0001,9,DE1234,10.71925219,ng/mL,2,Cycle 2,20
Testing_1,A,T1_0001,10,DE1234,4.77284639,ng/mL,2,Cycle 2,20
Testing_1,A,T1_0002,21,DE1234,4.80549231,ng/mL,2,Cycle 1,20
Testing_1,A,T1_0002,22,DE1234,7.232863639,ng/mL,2,Cycle 1,20
Testing_1,A,T1_0002,23,DE1234,12.59780835,ng/mL,2,Cycle 1,20
Testing_1,A,T1_0002,24,DE1234,14.21307353,ng/mL,2,Cycle 1,20
Testing_1,A,T1_0002,25,DE1234,18.90426808,ng/mL,2,Cycle 1,20
Testing_1,A,T1_0002,26,DE1234,24.67211479,ng/mL,2,Cycle 2,20
Testing_1,A,T1_0002,27,DE1234,30.67080082,ng/mL,2,Cycle 2,20
Testing_1,A,T1_0002,28,DE1234,15.52639842,ng/mL,2,Cycle 2,20
Testing_1,A,T1_0002,29,DE1234,10.31644297,ng/mL,2,Cycle 2,20
Testing_1,A,T1_0002,30,DE1234,4.156127392,ng/mL,2,Cycle 2,20
